id,title,description,google_product_category,link,image_link,availability,price,brand,identifier_exists,condition
CR2001,"Macrame Mini Bag - 50% off","<meta charset=""utf-8""><p><span style=""color: #f8f5f0;""> <meta charset=""utf-8"">Designed in Stockholm, made in Italy</span></p><div id=""gtx-trans"" style=""position: absolute; left: 230px; top: 27px;""><div class=""gtx-trans-icon""></div></div>",,https://www.littleliffner.com/products/macrame-mini-bag?variant=28189223682141,https://cdn.shopify.com/s/files/1/0108/5022/products/macrame-mini-bag-818897.jpg?v=1610959115,in stock,95.0,Little Liffner,no,new
CR2020,"Knotted Mini Tote - 50% off","<meta charset=""utf-8""><span style=""color: #f8f5f0;"" data-mce-fragment=""1"">Designed in Stockholm, made in Italy</span><div id=""gtx-trans"" style=""position: absolute; left: -128px; top: -20px;""><div class=""gtx-trans-icon""></div></div>",,https://www.littleliffner.com/products/knotted-mini-tote?variant=32171698126941,https://cdn.shopify.com/s/files/1/0108/5022/products/knotted-mini-tote-215307.jpg?v=1610959100,in stock,140.0,Little Liffner,no,new
CR3631-3,"Maccheroni Belt Brown - 50% off","<meta charset=""utf-8""><span style=""color: #f8f5f0;"">WAIST BELT WITH THE LITTLE LIFFNER NEW BOLD ‘MACCHERONI’ LOCK IN SILVER. </span><div id=""gtx-trans"" style=""position: absolute; left: 161px; top: -20px;""><div class=""gtx-trans-icon""></div></div>",,https://www.littleliffner.com/products/maccheroni-belt-brown?variant=39358469177437,https://cdn.shopify.com/s/files/1/0108/5022/products/maccheroni-belt-brown-480227.jpg?v=1626797104,in stock,120.0,Little Liffner,no,new
CR3514-1,"Maccheroni Bag Black","<meta charset=""utf-8""><p data-mce-fragment=""1""><span style=""color: #f2ede9;""> Maccheromi Bag Black</span></p><div id=""gtx-trans"" style=""position: absolute; left: 7px; top: -19px;""><div class=""gtx-trans-icon""></div></div>",,https://www.littleliffner.com/products/maccheroni-bag-black?variant=39375983247453,https://cdn.shopify.com/s/files/1/0108/5022/products/maccheroni-bag-black-780884.jpg?v=1694576057,in stock,595.0,Little Liffner,no,new
CR3495-4,"Soft Handle Mini Bag - 60% off","<meta charset=""utf-8""><p data-mce-fragment=""1""><span style=""color: #f2ede9;""> Maccheromi Bag Lizard</span></p>",,https://www.littleliffner.com/products/soft-handle-mini-bag?variant=39767303585885,https://cdn.shopify.com/s/files/1/0108/5022/products/soft-handle-mini-bag-673966.jpg?v=1644360695,out of stock,105.0,Little Liffner,no,new
CR3586-11,"Maccheroni Bag Light Brown","<meta charset=""utf-8""><p data-mce-fragment=""1""><span style=""color: #f2ede9;""> Maccheromi Bag Light Brown</span></p><div id=""gtx-trans"" style=""position: absolute; left: 133px; top: 27px;""><div class=""gtx-trans-icon""></div></div>",,https://www.littleliffner.com/products/maccheroni-bag-light-brown?variant=39824133324893,https://cdn.shopify.com/s/files/1/0108/5022/products/maccheroni-bag-light-brown-668563.jpg?v=1693333128,in stock,595.0,Little Liffner,no,new
LE0010-3,"Wool Blanket Light Blue - 50% off","<span style=""color: #f2ede9;"">Wool Blanket Light Blue</span><div id=""gtx-trans"" style=""position: absolute; left: 108px; top: 25.5px;""><div class=""gtx-trans-icon""></div></div>",,https://www.littleliffner.com/products/wool-blanket-light-blue?variant=39847171358813,https://cdn.shopify.com/s/files/1/0108/5022/products/wool-blanket-light-blue-911431.jpg?v=1646091071,in stock,160.0,Little Liffner,no,new
LE0010-2,"Wool Blanket Peach - 50% off","<span style=""color: #f2ede9;"">Wool Blanket Peach</span><div id=""gtx-trans"" style=""position: absolute; left: 98px; top: 25.5px;""><div class=""gtx-trans-icon""></div></div>",,https://www.littleliffner.com/products/wool-blanket-peach?variant=39853844136029,https://cdn.shopify.com/s/files/1/0108/5022/products/wool-blanket-peach-343625.jpg?v=1646091070,in stock,160.0,Little Liffner,no,new
LE0010-4,"Wool Blanket Neutral Check - 50% off","<span style=""color: #f2ede9;"">Wool Blanket Neutral Check</span><div id=""gtx-trans"" style=""position: absolute; left: 95px; top: -20px;""><div class=""gtx-trans-icon""></div></div>",,https://www.littleliffner.com/products/wool-blanket-neutral-check?variant=39853844267101,https://cdn.shopify.com/s/files/1/0108/5022/products/wool-blanket-neutral-check-376754.jpg?v=1646091069,in stock,160.0,Little Liffner,no,new
CR3715-1,"Sprout Tote Black Suede","<meta charset=""utf-8""><span style=""color: #f8f5f0;""> <meta charset=""utf-8"">Designed in Stockholm, made in Italy</span><div id=""gtx-trans"" style=""position: absolute; left: 70px; top: 25.5px;""><div class=""gtx-trans-icon""></div></div>",,https://www.littleliffner.com/products/sprout-tote-black-suede?variant=40397896024157,https://cdn.shopify.com/s/files/1/0108/5022/products/sprout-tote-black-suede-956657.jpg?v=1683159364,in stock,575.0,Little Liffner,no,new
CR3717-4,"Mega Buckle Belt Black - 30% off","<meta charset=""utf-8""><p data-mce-fragment=""1""><span style=""color: #f8f5f0;""> Mega Buckle Belt Black </span></p>",,https://www.littleliffner.com/products/mega-buckle-belt-black?variant=40585592766557,https://cdn.shopify.com/s/files/1/0108/5022/products/mega-buckle-belt-black-275342.jpg?v=1669149544,in stock,140.0,Little Liffner,no,new
LE0011-3,"Pull Through Scarf Gray Check - 25% off","<span style=""color: #f2ede9;"">Pull Through Scarf Gray Check</span><div id=""gtx-trans"" style=""position: absolute; left: 95px; top: -20px;""><div class=""gtx-trans-icon""></div></div>",,https://www.littleliffner.com/products/pull-through-scarf-gray-check?variant=40589057753181,https://cdn.shopify.com/s/files/1/0108/5022/products/pull-through-scarf-gray-check-313704.jpg?v=1665515618,in stock,110.0,Little Liffner,no,new
LE0011-4,"Pull Through Scarf Colorful Check - 25% off","<span style=""color: #f2ede9;"">Pull Through Scarf Colorful Check</span><div id=""gtx-trans"" style=""position: absolute; left: 95px; top: -20px;""><div class=""gtx-trans-icon""></div></div>",,https://www.littleliffner.com/products/pull-through-scarf-colorful-check?variant=40589066207325,https://cdn.shopify.com/s/files/1/0108/5022/products/pull-through-scarf-colorful-check-207477.jpg?v=1665515617,in stock,110.0,Little Liffner,no,new
CR3583-7,"Mega Sprout Tote Rhum Suede","<meta charset=""utf-8""><span style=""color: #f8f5f0;""> <meta charset=""utf-8"">Designed in Stockholm, made in Italy</span>",,https://www.littleliffner.com/products/mega-sprout-tote-rhum-suede?variant=40605177675869,https://cdn.shopify.com/s/files/1/0108/5022/products/mega-sprout-tote-rhum-suede-120569.jpg?v=1683159364,in stock,595.0,Little Liffner,no,new
CR3771-4,"Sprout Tote Mini Rhum Suede","<span style=""color: #f8f6f1;"">Sprout Tote Mini Rhum Suede</span>",,https://www.littleliffner.com/products/sprout-tote-mini-rhum-suede?variant=40605190881373,https://cdn.shopify.com/s/files/1/0108/5022/products/sprout-tote-mini-rhum-suede-665110.jpg?v=1697061904,in stock,495.0,Little Liffner,no,new
CR3771-1,"Sprout Tote Mini Black Suede","<span style=""color: #f8f6f1;"">Sprout Tote Mini Black Suede</span>",,https://www.littleliffner.com/products/sprout-tote-mini-black-suede?variant=40605191569501,https://cdn.shopify.com/s/files/1/0108/5022/files/sprout-tote-mini-black-suede-530876.jpg?v=1696428007,in stock,495.0,Little Liffner,no,new
SEGG32886,"Mini Barbell Gold","<meta charset=""utf-8""><p data-mce-fragment=""1""><span style=""color: #f8f5f0;"" mce-data-marked=""1"">Mini Barbell Gold</span></p>",,https://www.littleliffner.com/products/mini-barbell-gold?variant=40658915786845,https://cdn.shopify.com/s/files/1/0108/5022/products/mini-barbell-gold-795340.jpg?v=1667938213,in stock,325.0,Little Liffner,no,new
SE32938PRL,"Pearl Mini Barbell Silver","<meta charset=""utf-8""><p data-mce-fragment=""1""><span style=""color: #f8f5f0;"" mce-data-marked=""1"">Pearl Mini Barbell Silver</span></p>",Apparel & Accessories > Jewelry,https://www.littleliffner.com/products/pearl-barbell-silver?variant=40658932039773,https://cdn.shopify.com/s/files/1/0108/5022/products/pearl-mini-barbell-silver-939294.jpg?v=1667938235,in stock,300.0,Little Liffner,no,new
SEGG32938P,"Pearl Mini Barbell Gold","<meta charset=""utf-8""><p data-mce-fragment=""1""><span style=""color: #f8f5f0;"" mce-data-marked=""1"">Pearl Mini Barbell Gold</span></p>",Apparel & Accessories > Jewelry,https://www.littleliffner.com/products/pearl-barbell-gold?variant=40658946555997,https://cdn.shopify.com/s/files/1/0108/5022/products/pearl-mini-barbell-gold-526939.jpg?v=1667938237,in stock,325.0,Little Liffner,no,new
SEGG32947C,"Dalmatian Barbell Gold","<meta charset=""utf-8""><p data-mce-fragment=""1""><span style=""color: #f8f5f0;"" mce-data-marked=""1"">Dalmatian Barbell Gold</span></p>",,https://www.littleliffner.com/products/dalmatian-barbell-gold?variant=40658954190941,https://cdn.shopify.com/s/files/1/0108/5022/products/dalmatian-barbell-gold-548838.jpg?v=1667938235,in stock,325.0,Little Liffner,no,new
SE32947CUS,"Dalmatian Barbell Silver","<meta charset=""utf-8""><p data-mce-fragment=""1""><span style=""color: #f8f5f0;"" mce-data-marked=""1"">Dalmatian Barbell Silver</span></p>",,https://www.littleliffner.com/products/dalmatian-barbell-silver?variant=40658958221405,https://cdn.shopify.com/s/files/1/0108/5022/products/dalmatian-barbell-silver-351038.jpg?v=1667938235,in stock,300.0,Little Liffner,no,new
SE32950CUS-,"Marble & Sphere Earrings Silver","<meta charset=""utf-8""><p data-mce-fragment=""1""><span style=""color: #f8f5f0;"" mce-data-marked=""1"">Marble &amp; Sphere Earrings Silver</span></p>",,https://www.littleliffner.com/products/marble-and-sphere-earrings-925-sterling-silver?variant=40658965299293,https://cdn.shopify.com/s/files/1/0108/5022/products/marble-sphere-earrings-silver-184904.jpg?v=1667938235,in stock,330.0,Little Liffner,no,new
SE32970PRL,"Cloud Pearl Earrings Silver","<meta charset=""utf-8""><p data-mce-fragment=""1""><span style=""color: #f8f5f0;"" mce-data-marked=""1"">Cloud Pearl Earrings Silver</span></p>",Apparel & Accessories > Jewelry,https://www.littleliffner.com/products/cloud-pearl-earrings-silver?variant=40658974474333,https://cdn.shopify.com/s/files/1/0108/5022/products/cloud-pearl-earrings-silver-994217.jpg?v=1667938236,in stock,325.0,Little Liffner,no,new
SR14018,"Ice Cube Pinky Ring Silver","<meta charset=""utf-8""><p data-mce-fragment=""1""><span style=""color: #f8f5f0;"" mce-data-marked=""1"">Ice Cube Pinky Ring Silver</span></p>",Apparel & Accessories > Jewelry,https://www.littleliffner.com/products/ice-cube-pinky-ring-silver?variant=40658980044893,https://cdn.shopify.com/s/files/1/0108/5022/products/ice-cube-pinky-ring-silver-217630.jpg?v=1667938235,out of stock,300.0,Little Liffner,no,new
SR14019,"Ice Cube Pinky Ring Silver","<meta charset=""utf-8""><p data-mce-fragment=""1""><span style=""color: #f8f5f0;"" mce-data-marked=""1"">Ice Cube Pinky Ring Silver</span></p>",Apparel & Accessories > Jewelry,https://www.littleliffner.com/products/ice-cube-pinky-ring-silver?variant=40658980077661,https://cdn.shopify.com/s/files/1/0108/5022/products/ice-cube-pinky-ring-silver-217630.jpg?v=1667938235,in stock,300.0,Little Liffner,no,new
SR14020,"Ice Cube Pinky Ring Silver","<meta charset=""utf-8""><p data-mce-fragment=""1""><span style=""color: #f8f5f0;"" mce-data-marked=""1"">Ice Cube Pinky Ring Silver</span></p>",Apparel & Accessories > Jewelry,https://www.littleliffner.com/products/ice-cube-pinky-ring-silver?variant=40658980110429,https://cdn.shopify.com/s/files/1/0108/5022/products/ice-cube-pinky-ring-silver-217630.jpg?v=1667938235,in stock,300.0,Little Liffner,no,new
SRGG14018,"Ice Cube Pinky Ring Gold","<meta charset=""utf-8""><p data-mce-fragment=""1""><span style=""color: #f8f5f0;"" mce-data-marked=""1"">Ice Cube Pinky Ring Gold</span></p>",Apparel & Accessories > Jewelry,https://www.littleliffner.com/products/ice-cube-pinky-ring-gold?variant=40659063308381,https://cdn.shopify.com/s/files/1/0108/5022/products/ice-cube-pinky-ring-gold-432269.jpg?v=1668197913,in stock,325.0,Little Liffner,no,new
SRGG14018,"Ice Cube Pinky Ring Gold","<meta charset=""utf-8""><p data-mce-fragment=""1""><span style=""color: #f8f5f0;"" mce-data-marked=""1"">Ice Cube Pinky Ring Gold</span></p>",Apparel & Accessories > Jewelry,https://www.littleliffner.com/products/ice-cube-pinky-ring-gold?variant=40659063341149,https://cdn.shopify.com/s/files/1/0108/5022/products/ice-cube-pinky-ring-gold-432269.jpg?v=1668197913,in stock,325.0,Little Liffner,no,new
SRGG14018,"Ice Cube Pinky Ring Gold","<meta charset=""utf-8""><p data-mce-fragment=""1""><span style=""color: #f8f5f0;"" mce-data-marked=""1"">Ice Cube Pinky Ring Gold</span></p>",Apparel & Accessories > Jewelry,https://www.littleliffner.com/products/ice-cube-pinky-ring-gold?variant=40659063373917,https://cdn.shopify.com/s/files/1/0108/5022/products/ice-cube-pinky-ring-gold-432269.jpg?v=1668197913,in stock,325.0,Little Liffner,no,new
SBSV7183,"Assembly Chain Bracelet","<meta charset=""utf-8""><p data-mce-fragment=""1""><span style=""color: #f8f5f0;"">Assembly Chain Bracelet</span></p>",Apparel & Accessories > Jewelry,https://www.littleliffner.com/products/assembly-chain-bracelet?variant=40659070779485,https://cdn.shopify.com/s/files/1/0108/5022/products/assembly-chain-bracelet-936449.jpg?v=1667938212,in stock,790.0,Little Liffner,no,new
SG2810,"Point & Sphere Bangle Silver","<meta charset=""utf-8""><p data-mce-fragment=""1""><span style=""color: #f8f5f0;"" mce-data-marked=""1"">Point &amp; Sphere Bangle Silver</span></p>",Apparel & Accessories > Jewelry,https://www.littleliffner.com/products/point-sphere-bangle-silver?variant=40659075039325,https://cdn.shopify.com/s/files/1/0108/5022/products/point-sphere-bangle-silver-965181.jpg?v=1667938235,in stock,425.0,Little Liffner,no,new
SGGG2810,"Point & Sphere Bangle Gold","<meta charset=""utf-8""><p data-mce-fragment=""1""><span style=""color: #f8f5f0;"" mce-data-marked=""1"">Point &amp; Sphere Bangle Gold</span></p>",Apparel & Accessories > Jewelry,https://www.littleliffner.com/products/point-sphere-bangle-gold?variant=40659076710493,https://cdn.shopify.com/s/files/1/0108/5022/products/point-sphere-bangle-gold-379444.jpg?v=1667938235,in stock,495.0,Little Liffner,no,new
SEGG33161PRL,"Minimalist Baroque Earrings Gold","<meta charset=""utf-8""><p data-mce-fragment=""1""><span style=""color: #f8f5f0;"" mce-data-marked=""1"">Baroque Pearl Earrings Gold</span></p>",Apparel & Accessories > Jewelry,https://www.littleliffner.com/products/minimalist-baroque-earrings-gold?variant=40662960046173,https://cdn.shopify.com/s/files/1/0108/5022/products/minimalist-baroque-earrings-gold-762159.jpg?v=1667938235,in stock,300.0,Little Liffner,no,new
CR3771-3,"Sprout Tote Mini Chestnut Suede","<span style=""color: #f8f6f1;"">Sprout Tote Mini Chestnut Suede</span>",Apparel & Accessories > Handbags, Wallets & Cases > Handbags,https://www.littleliffner.com/products/sprout-tote-mini-chestnut-suede?variant=40873391554653,https://cdn.shopify.com/s/files/1/0108/5022/products/sprout-tote-mini-chestnut-suede-719289.jpg?v=1691401678,out of stock,495.0,Little Liffner,no,new
CR3764-3,"Soft Tulip Tote Chestnut","<span style=""color: #f8f5f0;"">A new take on our classic Tulip</span><div id=""gtx-trans"" style=""position: absolute; left: 143px; top: -20px;""><div class=""gtx-trans-icon""></div></div>",,https://www.littleliffner.com/products/soft-tulip-tote-chestnut?variant=40900501995613,https://cdn.shopify.com/s/files/1/0108/5022/products/soft-tulip-tote-chestnut-557533.jpg?v=1675943536,in stock,625.0,Little Liffner,no,new
CR3583-8,"Mega Sprout Tote Chestnut Suede","<meta charset=""utf-8""><span style=""color: #f8f5f0;""> <meta charset=""utf-8"">Designed in Stockholm, made in Italy</span>",,https://www.littleliffner.com/products/mega-sprout-tote-chestnut-suede?variant=40901289771101,https://cdn.shopify.com/s/files/1/0108/5022/products/mega-sprout-tote-chestnut-suede-452150.jpg?v=1691427340,in stock,595.0,Little Liffner,no,new
CR3715-9,"Sprout Tote Rhum Suede","<meta charset=""utf-8""><span style=""color: #f8f5f0;""> <meta charset=""utf-8"">Designed in Stockholm, made in Italy</span><div id=""gtx-trans"" style=""position: absolute; left: 70px; top: 25.5px;""><div class=""gtx-trans-icon""></div></div>",,https://www.littleliffner.com/products/sprout-tote-rhum-suede?variant=40902487048285,https://cdn.shopify.com/s/files/1/0108/5022/files/sprout-tote-rhum-suede.jpg?v=1683117127,in stock,575.0,Little Liffner,no,new
KM0010-2,"Stripe Tote Beige - 30% off","<meta charset=""utf-8""><p data-mce-fragment=""1""><span color=""#f2ede9"" style=""color: #f2ede9;"" mce-data-marked=""1"">Stripe Tote Bag Beige</span></p><div id=""gtx-trans"" style=""position: absolute; left: 112px; top: 27px;""><div class=""gtx-trans-icon""></div></div>",Apparel & Accessories > Handbags, Wallets & Cases > Handbags,https://www.littleliffner.com/products/stripe-tote-beige?variant=40915977076829,https://cdn.shopify.com/s/files/1/0108/5022/products/stripe-tote-beige-387755.jpg?v=1677025734,in stock,205.0,Little Liffner,no,new
KM0011-1,"Stripe Tote Mini White - 30% off","<meta charset=""utf-8""><p data-mce-fragment=""1""><span color=""#f2ede9"" style=""color: #f2ede9;"" mce-data-marked=""1"">Stripe Tote Mini Bag Black &amp; White</span></p><div id=""gtx-trans"" style=""position: absolute; left: 112px; top: 27px;""><div class=""gtx-trans-icon""></div></div>",Apparel & Accessories > Handbags, Wallets & Cases > Handbags,https://www.littleliffner.com/products/stripe-tote-mini-white?variant=40915978846301,https://cdn.shopify.com/s/files/1/0108/5022/products/stripe-tote-mini-white-710702.jpg?v=1677025733,in stock,110.0,Little Liffner,no,new
KM0011-2,"Stripe Tote Mini Beige - 30% off","<meta charset=""utf-8""><p data-mce-fragment=""1""><span color=""#f2ede9"" style=""color: #f2ede9;"" mce-data-marked=""1"">Stripe Tote Mini Bag Beige</span></p><div id=""gtx-trans"" style=""position: absolute; left: 112px; top: 27px;""><div class=""gtx-trans-icon""></div></div>",Apparel & Accessories > Handbags, Wallets & Cases > Handbags,https://www.littleliffner.com/products/stripe-tote-mini-beige?variant=40915980943453,https://cdn.shopify.com/s/files/1/0108/5022/products/stripe-tote-mini-beige-592002.jpg?v=1677025735,in stock,110.0,Little Liffner,no,new
KM0011-3,"Stripe Tote Mini Brown - 30% off","<meta charset=""utf-8""><p data-mce-fragment=""1""><span color=""#f2ede9"" style=""color: #f2ede9;"" mce-data-marked=""1"">Stripe Tote Mini Bag Brown</span></p><div id=""gtx-trans"" style=""position: absolute; left: 112px; top: 27px;""><div class=""gtx-trans-icon""></div></div>",Apparel & Accessories > Handbags, Wallets & Cases > Handbags,https://www.littleliffner.com/products/stripe-tote-mini-brown?variant=40915981172829,https://cdn.shopify.com/s/files/1/0108/5022/products/stripe-tote-mini-brown-775747.jpg?v=1677025735,in stock,110.0,Little Liffner,no,new
CR3745-5,"Rainbow Bag Chestnut Suede - 40% off","<meta charset=""utf-8""><p data-mce-fragment=""1""><span style=""color: #f8f5f0;"" color=""#f8f5f0"">Rainbow Bag Chestnut Suede</span></p>",,https://www.littleliffner.com/products/rainbow-bag-chestnut-suede?variant=40915981533277,https://cdn.shopify.com/s/files/1/0108/5022/products/rainbow-bag-chestnut-suede-985922.jpg?v=1677025728,in stock,250.0,Little Liffner,no,new
CR3624-13,"Flow Corset Mushroom Suede - 30% off","<meta charset=""utf-8""><span style=""color: #f8f5f0;"" data-mce-fragment=""1"">THE FLOW CORSET IS AN ORGANIC SHAPED WIDE BELT TO BE WORN ON YOUR WAIST</span>",Apparel & Accessories > Clothing Accessories > Belts,https://www.littleliffner.com/products/flow-corset-mushroom-suede?variant=46705642438982,https://cdn.shopify.com/s/files/1/0108/5022/products/flow-corset-mushroom-suede-591513.jpg?v=1683295668,in stock,245.0,Little Liffner,no,new
CR3624-12,"Flow Corset Black Suede - 30% off","<meta charset=""utf-8""><span style=""color: #f8f5f0;"" data-mce-fragment=""1"">THE FLOW CORSET IS AN ORGANIC SHAPED WIDE BELT TO BE WORN ON YOUR WAIST</span>",Apparel & Accessories > Clothing Accessories > Belts,https://www.littleliffner.com/products/flow-corset-black-suede?variant=46705651777862,https://cdn.shopify.com/s/files/1/0108/5022/products/flow-corset-black-suede-825455.jpg?v=1683295668,in stock,245.0,Little Liffner,no,new
CR3788-1,"Tulip Shoulder Bag Large Black","<meta charset=""utf-8""><meta charset=""utf-8""><p><span style=""color: #f8f5f0;""> <meta charset=""utf-8"">Designed in Stockholm, made in Italy</span></p><div id=""gtx-trans"" style=""position: absolute; left: 155px; top: -19px;""><div class=""gtx-trans-icon""></div></div>",,https://www.littleliffner.com/products/tulip-shoulder-bag-large-black?variant=46706128290118,https://cdn.shopify.com/s/files/1/0108/5022/products/tulip-shoulder-bag-large-black-366109.jpg?v=1686846998,in stock,595.0,Little Liffner,no,new
CR3788-3,"Tulip Shoulder Bag Large Chestnut","<meta charset=""utf-8""><meta charset=""utf-8""><p><span style=""color: #f8f5f0;""> <meta charset=""utf-8"">Designed in Stockholm, made in Italy</span></p><div id=""gtx-trans"" style=""position: absolute; left: 155px; top: -19px;""><div class=""gtx-trans-icon""></div></div>",,https://www.littleliffner.com/products/tulip-shoulder-bag-large-chestnut?variant=46706134843718,https://cdn.shopify.com/s/files/1/0108/5022/products/tulip-shoulder-bag-large-chestnut-518826.jpg?v=1686846998,in stock,595.0,Little Liffner,no,new
CR3715-10,"Sprout Tote Army Suede","<meta charset=""utf-8""><span style=""color: #f8f5f0;""> <meta charset=""utf-8"">Designed in Stockholm, made in Italy</span><div id=""gtx-trans"" style=""position: absolute; left: 70px; top: 25.5px;""><div class=""gtx-trans-icon""></div></div>",,https://www.littleliffner.com/products/sprout-tote-army-suede?variant=46706247369030,https://cdn.shopify.com/s/files/1/0108/5022/products/sprout-tote-army-suede-655866.jpg?v=1692835946,in stock,575.0,Little Liffner,no,new
SRGG14107OX-44,"Sunken Stone Signet Ring Gold","<meta charset=""utf-8""><p data-mce-fragment=""1""><span style=""color: #f8f5f0;"" mce-data-marked=""1"">Sunken Stone Signet Ring Gold</span></p>",Apparel & Accessories > Jewelry,https://www.littleliffner.com/products/sunken-stone-signet-ring-gold?variant=46764737921350,https://cdn.shopify.com/s/files/1/0108/5022/products/sunken-stone-signet-ring-gold-213276.jpg?v=1684810923,in stock,325.0,Little Liffner,no,new
SRGG14107OX-46,"Sunken Stone Signet Ring Gold","<meta charset=""utf-8""><p data-mce-fragment=""1""><span style=""color: #f8f5f0;"" mce-data-marked=""1"">Sunken Stone Signet Ring Gold</span></p>",Apparel & Accessories > Jewelry,https://www.littleliffner.com/products/sunken-stone-signet-ring-gold?variant=46764737954118,https://cdn.shopify.com/s/files/1/0108/5022/products/sunken-stone-signet-ring-gold-213276.jpg?v=1684810923,in stock,325.0,Little Liffner,no,new
SRGG14107OX-50,"Sunken Stone Signet Ring Gold","<meta charset=""utf-8""><p data-mce-fragment=""1""><span style=""color: #f8f5f0;"" mce-data-marked=""1"">Sunken Stone Signet Ring Gold</span></p>",Apparel & Accessories > Jewelry,https://www.littleliffner.com/products/sunken-stone-signet-ring-gold?variant=46764737986886,https://cdn.shopify.com/s/files/1/0108/5022/products/sunken-stone-signet-ring-gold-213276.jpg?v=1684810923,in stock,325.0,Little Liffner,no,new
SRGG14107OX-52,"Sunken Stone Signet Ring Gold","<meta charset=""utf-8""><p data-mce-fragment=""1""><span style=""color: #f8f5f0;"" mce-data-marked=""1"">Sunken Stone Signet Ring Gold</span></p>",Apparel & Accessories > Jewelry,https://www.littleliffner.com/products/sunken-stone-signet-ring-gold?variant=46764757909830,https://cdn.shopify.com/s/files/1/0108/5022/products/sunken-stone-signet-ring-gold-213276.jpg?v=1684810923,in stock,325.0,Little Liffner,no,new
SBSV7179,"Molecule Bracelet","<meta charset=""utf-8""><p data-mce-fragment=""1""><span style=""color: #f8f5f0;"">Assembly Chain Bracelet</span></p>",Apparel & Accessories > Jewelry,https://www.littleliffner.com/products/molecule-bracelet?variant=46764764528966,https://cdn.shopify.com/s/files/1/0108/5022/products/molecule-bracelet-286208.jpg?v=1684533488,in stock,595.0,Little Liffner,no,new
SR0003-1,"Midi Leather Basket Light Brown","<span style=""color: #f8f5f0;"" data-mce-style=""color: #f8f5f0;""><meta charset=""utf-8""> </span><p><span style=""color: #f8f5f0;"" mce-data-marked=""1"" data-mce-style=""color: #f8f5f0;"">TALL LEATHER BASKET BAG</span></p>",,https://www.littleliffner.com/products/midi-leather-basket-light-brown?variant=46793742614854,https://cdn.shopify.com/s/files/1/0108/5022/products/midi-leather-basket-light-brown-361708.jpg?v=1685063051,in stock,395.0,Little Liffner,no,new
SR0002-2,"Mini Leather Basket Dark Brown","<span style=""color: #f8f5f0;"" data-mce-style=""color: #f8f5f0;""><meta charset=""utf-8""> </span><p><span style=""color: #f8f5f0;"" mce-data-marked=""1"" data-mce-style=""color: #f8f5f0;"">MINI LEATHER BASKET BAG</span></p>",,https://www.littleliffner.com/products/mini-leather-basket-dark-brown?variant=46793900097862,https://cdn.shopify.com/s/files/1/0108/5022/products/mini-leather-basket-dark-brown-134309.jpg?v=1685063044,out of stock,325.0,Little Liffner,no,new
SR0002-1,"Mini Leather Basket Black","<span style=""color: #f8f5f0;"" data-mce-style=""color: #f8f5f0;""><meta charset=""utf-8""> </span><p><span style=""color: #f8f5f0;"" mce-data-marked=""1"" data-mce-style=""color: #f8f5f0;"">MINI LEATHER BASKET BAG</span></p>",,https://www.littleliffner.com/products/mini-leather-basket-black?variant=46793907241286,https://cdn.shopify.com/s/files/1/0108/5022/files/leather-basket-mini-black-front.jpg?v=1686304040,out of stock,325.0,Little Liffner,no,new
CR3768-30,"Maccheroni Bag Cream / Gray - 30% off","<meta charset=""utf-8""><p data-mce-fragment=""1""><span style=""color: #f2ede9;"" data-mce-style=""color: #f2ede9;""> Maccheromi Bag Stripe</span></p><div id=""gtx-trans"" style=""position: absolute; left: 7px; top: -19px;"" data-mce-style=""position: absolute; left: 7px; top: -19px;""><div class=""gtx-trans-icon""><br></div></div>",,https://www.littleliffner.com/products/maccheroni-bag-stripe-cream-gray?variant=46986933076294,https://cdn.shopify.com/s/files/1/0108/5022/products/maccheroni-bag-cream-gray-234461.jpg?v=1690018853,in stock,415.0,Little Liffner,no,new
CR3805-2,"Maccheroni Clutch Croc Embossed Black - 25% off","<meta charset=""utf-8""><p data-mce-fragment=""1""><span style=""color: #f2ede9;""> Maccheromi Bag Black</span></p><div id=""gtx-trans"" style=""position: absolute; left: 7px; top: -19px;""><div class=""gtx-trans-icon""></div></div>",,https://www.littleliffner.com/products/maccheroni-clutch-croc-embossed-black?variant=46986951491910,https://cdn.shopify.com/s/files/1/0108/5022/products/maccheroni-clutch-croc-embossed-black-249026.jpg?v=1691427339,in stock,325.0,Little Liffner,no,new
CR3715-19,"Sprout Tote Cream / Gray - 30% off","<meta charset=""utf-8""><span style=""color: #f8f5f0;""> <meta charset=""utf-8"">Designed in Stockholm, made in Italy</span><div id=""gtx-trans"" style=""position: absolute; left: 70px; top: 25.5px;""><div class=""gtx-trans-icon""></div></div>",,https://www.littleliffner.com/products/sprout-tote-stripe-cream-gray?variant=46987017683270,https://cdn.shopify.com/s/files/1/0108/5022/products/sprout-tote-cream-gray-466584.jpg?v=1690018860,in stock,405.0,Little Liffner,no,new
CR3715-20,"Sprout Tote Dark Brown Suede","<meta charset=""utf-8""><span style=""color: #f8f5f0;""> <meta charset=""utf-8"">Designed in Stockholm, made in Italy</span><div id=""gtx-trans"" style=""position: absolute; left: 70px; top: 25.5px;""><div class=""gtx-trans-icon""></div></div>",,https://www.littleliffner.com/products/sprout-tote-dark-brown-suede?variant=46987087216966,https://cdn.shopify.com/s/files/1/0108/5022/products/sprout-tote-dark-brown-suede-789702.jpg?v=1691427340,in stock,575.0,Little Liffner,no,new
CR3771-18,"Sprout Tote Mini Dark Brown Suede","<span style=""color: #f8f6f1;"">Sprout Tote Mini Dark Brown Suede</span>",Apparel & Accessories > Handbags, Wallets & Cases > Handbags,https://www.littleliffner.com/products/sprout-tote-mini-dark-brown-suede?variant=46987100619078,https://cdn.shopify.com/s/files/1/0108/5022/products/sprout-tote-mini-dark-brown-suede-533299.jpg?v=1691427342,in stock,495.0,Little Liffner,no,new
CR3583-11,"Mega Sprout Tote Black Suede","<meta charset=""utf-8""><span style=""color: #f8f5f0;""> <meta charset=""utf-8"">Designed in Stockholm, made in Italy</span>",,https://www.littleliffner.com/products/mega-sprout-tote-black-suede?variant=48496226730310,https://cdn.shopify.com/s/files/1/0108/5022/products/mega-sprout-tote-black-suede-273082.jpg?v=1693913135,in stock,595.0,Little Liffner,no,new
CR3771-8,"Sprout Tote Mini Deep Maroon","<span style=""color: #f8f6f1;"">Sprout Tote Mini Redish Brown Suede</span>",Apparel & Accessories > Handbags, Wallets & Cases > Handbags,https://www.littleliffner.com/products/sprout-tote-mini-deep-maroon-suede?variant=48590728462662,https://cdn.shopify.com/s/files/1/0108/5022/products/sprout-tote-mini-redish-brown-suede-901697.jpg?v=1696067613,out of stock,495.0,Little Liffner,no,new
CR3787-8,"Tall Sprout Tote Rhum Suede","<meta charset=""utf-8""><span style=""color: #f8f5f0;""> <meta charset=""utf-8"">Designed in Stockholm, made in Italy</span><div id=""gtx-trans"" style=""position: absolute; left: 70px; top: 25.5px;""><div class=""gtx-trans-icon""></div></div>",,https://www.littleliffner.com/products/tall-sprout-tote-rhum-suede?variant=48590741045574,https://cdn.shopify.com/s/files/1/0108/5022/products/tall-sprout-tote-rhum-suede-363062.jpg?v=1699555792,out of stock,550.0,Little Liffner,no,new
CR3787-7,"Tall Sprout Tote Black Suede","<meta charset=""utf-8""><span style=""color: #f8f5f0;""> <meta charset=""utf-8"">Designed in Stockholm, made in Italy</span><div id=""gtx-trans"" style=""position: absolute; left: 70px; top: 25.5px;""><div class=""gtx-trans-icon""></div></div>",,https://www.littleliffner.com/products/tall-sprout-tote-black-suede?variant=48590749729094,https://cdn.shopify.com/s/files/1/0108/5022/products/tall-sprout-tote-black-suede-759352.jpg?v=1699555791,out of stock,550.0,Little Liffner,no,new
CR3842-1,"Maccheroni Saddle Bag Black","<meta charset=""utf-8""><p data-mce-fragment=""1""><span style=""color: #f2ede9;"" mce-data-marked=""1"">Made in Italy</span></p><div id=""gtx-trans"" style=""position: absolute; left: 7px; top: -19px;""><div class=""gtx-trans-icon""></div></div>",,https://www.littleliffner.com/products/maccheroni-saddle-bag-black?variant=48669034348870,https://cdn.shopify.com/s/files/1/0108/5022/products/maccheroni-saddle-bag-black-140189.jpg?v=1697815757,in stock,495.0,Little Liffner,no,new
CR3842-3,"Maccheroni Saddle Bag Chestnut","<meta charset=""utf-8""><p data-mce-fragment=""1""><span style=""color: #f2ede9;"" mce-data-marked=""1"">Made in Italy</span></p><div id=""gtx-trans"" style=""position: absolute; left: 7px; top: -19px;""><div class=""gtx-trans-icon""></div></div>",,https://www.littleliffner.com/products/maccheroni-saddle-bag-chestnut?variant=48669062365510,https://cdn.shopify.com/s/files/1/0108/5022/products/maccheroni-saddle-bag-chestnut-660527.jpg?v=1697815750,in stock,495.0,Little Liffner,no,new
CR3842-6,"Maccheroni Saddle Bag Marble","<meta charset=""utf-8""><p data-mce-fragment=""1""><span style=""color: #f2ede9;"" mce-data-marked=""1"">Made in Italy</span></p><div id=""gtx-trans"" style=""position: absolute; left: 7px; top: -19px;""><div class=""gtx-trans-icon""></div></div>",,https://www.littleliffner.com/products/maccheroni-saddle-bag-marble?variant=48669078323526,https://cdn.shopify.com/s/files/1/0108/5022/products/maccheroni-saddle-bag-marble-176575.jpg?v=1697815745,in stock,495.0,Little Liffner,no,new
CR3842-2,"Maccheroni Saddle Bag Snake Embossed","<meta charset=""utf-8""><p data-mce-fragment=""1""><span style=""color: #f2ede9;"" mce-data-marked=""1"">Made in Italy</span></p><div id=""gtx-trans"" style=""position: absolute; left: 7px; top: -19px;""><div class=""gtx-trans-icon""></div></div>",,https://www.littleliffner.com/products/maccheroni-saddle-bag-snake-embossed?variant=48669085073734,https://cdn.shopify.com/s/files/1/0108/5022/products/maccheroni-saddle-bag-snake-embossed-130229.jpg?v=1697815748,in stock,495.0,Little Liffner,no,new
CR3842-5,"Maccheroni Saddle Bag Ostrich Embossed Black","<meta charset=""utf-8""><p data-mce-fragment=""1""><span style=""color: #f2ede9;"" mce-data-marked=""1"">Made in Italy</span></p><div id=""gtx-trans"" style=""position: absolute; left: 7px; top: -19px;""><div class=""gtx-trans-icon""></div></div>",,https://www.littleliffner.com/products/maccheroni-saddle-bag-ostrich-embossed-black?variant=48669093560646,https://cdn.shopify.com/s/files/1/0108/5022/products/maccheroni-saddle-bag-ostrich-embossed-black-797074.jpg?v=1697815744,in stock,495.0,Little Liffner,no,new
CR3843-1,"Pillow Pouch Suede Black","<meta charset=""utf-8""><p data-mce-fragment=""1""><span style=""color: #f2ede9;"" mce-data-marked=""1"">Made in Italy</span></p><div id=""gtx-trans"" style=""position: absolute; left: 7px; top: -19px;""><div class=""gtx-trans-icon""></div></div>",,https://www.littleliffner.com/products/pillow-pouch-suede-black?variant=48669110993222,https://cdn.shopify.com/s/files/1/0108/5022/products/pillow-pouch-suede-black-133340.jpg?v=1697815761,out of stock,495.0,Little Liffner,no,new
CR3843-2,"Pillow Pouch Suede Chestnut","<meta charset=""utf-8""><p data-mce-fragment=""1""><span style=""color: #f2ede9;"" mce-data-marked=""1"">Made in Italy</span></p><div id=""gtx-trans"" style=""position: absolute; left: 7px; top: -19px;""><div class=""gtx-trans-icon""></div></div>",,https://www.littleliffner.com/products/pillow-pouch-suede-chestnut?variant=48669179150662,https://cdn.shopify.com/s/files/1/0108/5022/products/pillow-pouch-suede-chestnut-142292.jpg?v=1697815755,in stock,495.0,Little Liffner,no,new
CR3843-3,"Pillow Pouch Marble","<meta charset=""utf-8""><p data-mce-fragment=""1""><span style=""color: #f2ede9;"" mce-data-marked=""1"">Made in Italy</span></p><div id=""gtx-trans"" style=""position: absolute; left: 7px; top: -19px;""><div class=""gtx-trans-icon""></div></div>",,https://www.littleliffner.com/products/pillow-pouch-marble?variant=48669191176518,https://cdn.shopify.com/s/files/1/0108/5022/products/pillow-pouch-marble-636178.jpg?v=1697815747,in stock,495.0,Little Liffner,no,new
CR3849-2,"Pillow Shoulder Bag Suede Chestnut","<meta charset=""utf-8""><p data-mce-fragment=""1""><span style=""color: #f2ede9;"" mce-data-marked=""1"">Made in Italy</span></p><div id=""gtx-trans"" style=""position: absolute; left: 7px; top: -19px;""><div class=""gtx-trans-icon""></div></div>",,https://www.littleliffner.com/products/pillow-shoulder-bag-suede-chestnut?variant=48669202121030,https://cdn.shopify.com/s/files/1/0108/5022/files/pillow-shoulder-bag-suede-chestnut-826984.jpg?v=1698158592,in stock,575.0,Little Liffner,no,new
CR3849-1,"Pillow Shoulder Bag Black","<meta charset=""utf-8""><p data-mce-fragment=""1""><span style=""color: #f2ede9;"" mce-data-marked=""1"">Made in Italy</span></p><div id=""gtx-trans"" style=""position: absolute; left: 7px; top: -19px;""><div class=""gtx-trans-icon""></div></div>",,https://www.littleliffner.com/products/pillow-shoulder-bag-black?variant=48669377036614,https://cdn.shopify.com/s/files/1/0108/5022/products/pillow-shoulder-bag-black-419503.jpg?v=1697815899,in stock,595.0,Little Liffner,no,new
SR0003-2,"Midi Leather Basket Black","<span style=""color: #f8f5f0;"" data-mce-style=""color: #f8f5f0;""><meta charset=""utf-8""> </span><p><span style=""color: #f8f5f0;"" mce-data-marked=""1"" data-mce-style=""color: #f8f5f0;"">Midi Leather Basket </span></p>",,https://www.littleliffner.com/products/midi-leather-basket-black?variant=48677356765510,https://cdn.shopify.com/s/files/1/0108/5022/products/midi-leather-basket-black-120107.jpg?v=1697724790,in stock,395.0,Little Liffner,no,new
CR3768-5,"Maccheroni Bag Black Suede Gold","<meta charset=""utf-8""><p data-mce-fragment=""1""><span style=""color: #f2ede9;"" data-mce-style=""color: #f2ede9;""> Maccheromi Bag Black Suede</span></p><div id=""gtx-trans"" style=""position: absolute; left: 7px; top: -19px;"" data-mce-style=""position: absolute; left: 7px; top: -19px;""><div class=""gtx-trans-icon""><br></div></div>",,https://www.littleliffner.com/products/maccheroni-bag-black-suede-gold?variant=48733243638086,https://cdn.shopify.com/s/files/1/0108/5022/products/maccheroni-bag-black-suede-gold-693515.jpg?v=1699307375,in stock,595.0,Little Liffner,no,new
,"Gift card","",Gift Cards,https://www.littleliffner.com/products/gift-card-1?variant=48857120473414,https://cdn.shopify.com/s/files/1/0108/5022/products/gift-card-330541.jpg?v=1701958808,in stock,495.0,Little Liffner,no,new
,"Gift card","",Gift Cards,https://www.littleliffner.com/products/gift-card-1?variant=48857120506182,https://cdn.shopify.com/s/files/1/0108/5022/products/gift-card-330541.jpg?v=1701958808,out of stock,575.0,Little Liffner,no,new
,"Gift card","",Gift Cards,https://www.littleliffner.com/products/gift-card-1?variant=48857120538950,https://cdn.shopify.com/s/files/1/0108/5022/products/gift-card-330541.jpg?v=1701958808,out of stock,595.0,Little Liffner,no,new
CR3849-10,"Pillow Shoulder Bag Black Suede","<meta charset=""utf-8""><p data-mce-fragment=""1""><span style=""color: #f2ede9;"" mce-data-marked=""1"">Made in Italy</span></p><div id=""gtx-trans"" style=""position: absolute; left: 7px; top: -19px;""><div class=""gtx-trans-icon""></div></div>",,https://www.littleliffner.com/products/pillow-shoulder-bag-black-suede?variant=48880215458118,https://cdn.shopify.com/s/files/1/0108/5022/products/pillow-shoulder-bag-black-suede-697780.jpg?v=1701958815,in stock,575.0,Little Liffner,no,new
CR3787-9,"Tall Sprout Tote Dark Brown Suede","<meta charset=""utf-8""><span style=""color: #f8f5f0;""> <meta charset=""utf-8"">Designed in Stockholm, made in Italy</span><div id=""gtx-trans"" style=""position: absolute; left: 70px; top: 25.5px;""><div class=""gtx-trans-icon""></div></div>",,https://www.littleliffner.com/products/tall-sprout-tote-dark-brown-suede?variant=49038471037254,https://cdn.shopify.com/s/files/1/0108/5022/files/TALLSPROUTDARKBROWNFRONT.jpg?v=1706257206,in stock,550.0,Little Liffner,no,new
CR3787-10,"Tall Sprout Tote Army Suede","<meta charset=""utf-8""><span style=""color: #f8f5f0;""> <meta charset=""utf-8"">Designed in Stockholm, made in Italy</span><div id=""gtx-trans"" style=""position: absolute; left: 70px; top: 25.5px;""><div class=""gtx-trans-icon""></div></div>",,https://www.littleliffner.com/products/tall-sprout-tote-army-suede?variant=49039214870854,https://cdn.shopify.com/s/files/1/0108/5022/products/tall-sprout-tote-army-suede-141003.jpg?v=1705687519,in stock,550.0,Little Liffner,no,new
CR3842-11,"Maccheroni Saddle Bag Beige","<meta charset=""utf-8""><p data-mce-fragment=""1""><span style=""color: #f2ede9;"" mce-data-marked=""1"">Made in Italy</span></p><div id=""gtx-trans"" style=""position: absolute; left: 7px; top: -19px;""><div class=""gtx-trans-icon""></div></div>",,https://www.littleliffner.com/products/maccheroni-saddle-bag-beige?variant=49059510616390,https://cdn.shopify.com/s/files/1/0108/5022/products/maccheroni-saddle-bag-beige-969996.jpg?v=1706350356,out of stock,495.0,Little Liffner,no,new
CR3842-7,"Maccheroni Saddle Bag Chestnut Suede","<meta charset=""utf-8""><p data-mce-fragment=""1""><span style=""color: #f2ede9;"" mce-data-marked=""1"">Made in Italy</span></p><div id=""gtx-trans"" style=""position: absolute; left: 7px; top: -19px;""><div class=""gtx-trans-icon""></div></div>",,https://www.littleliffner.com/products/maccheroni-saddle-bag-chestnut-suede?variant=49063773339974,https://cdn.shopify.com/s/files/1/0108/5022/products/maccheroni-saddle-bag-chestnut-suede-214200.jpg?v=1706350362,in stock,495.0,Little Liffner,no,new
CR3848-2,"Penne Tote Black","<meta charset=""utf-8""><span style=""color: #f8f5f0;""> <meta charset=""utf-8"">Designed in Stockholm, made in Italy</span><div id=""gtx-trans"" style=""position: absolute; left: 70px; top: 25.5px;""><div class=""gtx-trans-icon""></div></div>",,https://www.littleliffner.com/products/penne-tote-black?variant=49068111855942,https://cdn.shopify.com/s/files/1/0108/5022/products/penne-tote-black-180505.jpg?v=1706350360,in stock,595.0,Little Liffner,no,new
CR3848-6,"Penne Tote Chestnut Suede","<meta charset=""utf-8""><span style=""color: #f8f5f0;""> <meta charset=""utf-8"">Designed in Stockholm, made in Italy</span><div id=""gtx-trans"" style=""position: absolute; left: 70px; top: 25.5px;""><div class=""gtx-trans-icon""></div></div>",,https://www.littleliffner.com/products/penne-tote-chestnut-suede?variant=49068145803590,https://cdn.shopify.com/s/files/1/0108/5022/products/penne-tote-chestnut-suede-919598.jpg?v=1706350355,in stock,595.0,Little Liffner,no,new
CR3849-3,"Pillow Shoulder Bag Cream","<meta charset=""utf-8""><p data-mce-fragment=""1""><span style=""color: #f2ede9;"" mce-data-marked=""1"">Made in Italy</span></p><div id=""gtx-trans"" style=""position: absolute; left: 7px; top: -19px;""><div class=""gtx-trans-icon""></div></div>",,https://www.littleliffner.com/products/pillow-shoulder-bag-cream?variant=49068166676806,https://cdn.shopify.com/s/files/1/0108/5022/products/pillow-shoulder-bag-cream-286474.jpg?v=1706350353,in stock,595.0,Little Liffner,no,new
CR3771-21,"Sprout Tote Mini Beige","<span style=""color: #f8f6f1;"">Sprout Tote Mini Black Leather</span>",,https://www.littleliffner.com/products/sprout-tote-mini-beige?variant=49068238143814,https://cdn.shopify.com/s/files/1/0108/5022/products/sprout-tote-mini-beige-708388.jpg?v=1706350354,in stock,495.0,Little Liffner,no,new
CR3771-24,"Sprout Tote Mini Black Crochet","<span style=""color: #f8f6f1;"">Sprout Tote Mini Black Leather</span>",,https://www.littleliffner.com/products/sprout-tote-mini-black-crochet?variant=49068300534086,https://cdn.shopify.com/s/files/1/0108/5022/products/sprout-tote-mini-black-crochet-195853.jpg?v=1706350361,out of stock,495.0,Little Liffner,no,new
CR3852/SFH-2,"Open Tulip Tote Medium Chestnut","<span style=""color: #f8f5f0;""><meta charset=""utf-8"">THE PERFECT BAG FOR ELEVATED EVERYDAY WEAR.</span>",,https://www.littleliffner.com/products/open-tulip-tote-medium-chestnut?variant=49081651036486,https://cdn.shopify.com/s/files/1/0108/5022/products/open-tulip-tote-medium-chestnut-481191.jpg?v=1706764674,in stock,575.0,Little Liffner,no,new
SR0002-4,"Mini Leather Basket Light Brown","<span style=""color: #f8f5f0;"" data-mce-style=""color: #f8f5f0;""><meta charset=""utf-8""> </span><p><span style=""color: #f8f5f0;"" mce-data-marked=""1"" data-mce-style=""color: #f8f5f0;"">MINI LEATHER BASKET BAG</span></p>",,https://www.littleliffner.com/products/mini-leather-basket-light-brown?variant=49082988167494,https://cdn.shopify.com/s/files/1/0108/5022/products/mini-leather-basket-light-brown-882566.jpg?v=1706681782,out of stock,325.0,Little Liffner,no,new
SR0002-3,"Mini Leather Basket Almond","<span style=""color: #f8f5f0;"" data-mce-style=""color: #f8f5f0;""><meta charset=""utf-8""> </span><p><span style=""color: #f8f5f0;"" mce-data-marked=""1"" data-mce-style=""color: #f8f5f0;"">MINI LEATHER BASKET BAG</span></p>",,https://www.littleliffner.com/products/mini-leather-basket-almond?variant=49083197129030,https://cdn.shopify.com/s/files/1/0108/5022/products/mini-leather-basket-almond-311110.jpg?v=1706681785,out of stock,325.0,Little Liffner,no,new
SR0004-1,"Large Leather Basket Dark Brown","<span style=""color: #f8f5f0;"" data-mce-style=""color: #f8f5f0;""><meta charset=""utf-8""> </span><p><span style=""color: #f8f5f0;"" mce-data-marked=""1"" data-mce-style=""color: #f8f5f0;"">TALL LEATHER BASKET BAG</span></p>",,https://www.littleliffner.com/products/large-leather-basket-dark-brown?variant=49083215642950,https://cdn.shopify.com/s/files/1/0108/5022/products/large-leather-basket-dark-brown-371493.jpg?v=1706681777,out of stock,450.0,Little Liffner,no,new
CR3852/SFH-1,"Open Tulip Tote Medium Black","<span style=""color: #f8f5f0;""><meta charset=""utf-8"">THE PERFECT BAG FOR ELEVATED EVERYDAY WEAR.</span>",,https://www.littleliffner.com/products/open-tulip-tote-medium-black?variant=49085786849606,https://cdn.shopify.com/s/files/1/0108/5022/products/open-tulip-tote-medium-black-377681.jpg?v=1706764675,out of stock,575.0,Little Liffner,no,new
